id,name,pw
user1,"Sample User 1",5baa61e4c9b93f3f0682250b6cf8331b7ee68fd8
user2,"Sample User 2",5baa61e4c9b93f3f0682250b6cf8331b7ee68fd8
user3,"Sample User 3",5baa61e4c9b93f3f0682250b6cf8331b7ee68fd8
user4,"Sample User 4",5baa61e4c9b93f3f0682250b6cf8331b7ee68fd8
user5,"Sample User 5",5baa61e4c9b93f3f0682250b6cf8331b7ee68fd8
user6,"Sample User 6",5baa61e4c9b93f3f0682250b6cf8331b7ee68fd8
user7,"Sample User 7",5baa61e4c9b93f3f0682250b6cf8331b7ee68fd8
user8,"Sample User 8",5baa61e4c9b93f3f0682250b6cf8331b7ee68fd8
user9,"Sample User 9",5baa61e4c9b93f3f0682250b6cf8331b7ee68fd8
user10,"Sample User 10",5baa61e4c9b93f3f0682250b6cf8331b7ee68fd8
user11,"Sample User 11",5baa61e4c9b93f3f0682250b6cf8331b7ee68fd8
user12,"Sample User 12",5baa61e4c9b93f3f0682250b6cf8331b7ee68fd8
user13,"Sample User 13",5baa61e4c9b93f3f0682250b6cf8331b7ee68fd8
user14,"Sample User 14",5baa61e4c9b93f3f0682250b6cf8331b7ee68fd8
user15,"Sample User 15",5baa61e4c9b93f3f0682250b6cf8331b7ee68fd8
user16,"Sample User 16",5baa61e4c9b93f3f0682250b6cf8331b7ee68fd8
user17,"Sample User 17",5baa61e4c9b93f3f0682250b6cf8331b7ee68fd8
user18,"Sample User 18",5baa61e4c9b93f3f0682250b6cf8331b7ee68fd8
user19,"Sample User 19",5baa61e4c9b93f3f0682250b6cf8331b7ee68fd8
user20,"Sample User 20",5baa61e4c9b93f3f0682250b6cf8331b7ee68fd8
